<?xml version="1.0" encoding="UTF-8"?>
<definitions xmlns="http://www.omg.org/spec/BPMN/20100524/MODEL" xmlns:xsi="http://www.w3.org/2001/XMLSchema-instance" xmlns:xsd="http://www.w3.org/2001/XMLSchema" xmlns:activiti="http://activiti.org/bpmn" xmlns:bpmndi="http://www.omg.org/spec/BPMN/20100524/DI" xmlns:omgdc="http://www.omg.org/spec/DD/20100524/DC" xmlns:omgdi="http://www.omg.org/spec/DD/20100524/DI" typeLanguage="http://www.w3.org/2001/XMLSchema" expressionLanguage="http://www.w3.org/1999/XPath" targetNamespace="http://www.activiti.org/processdef">
  <process id="jiaban" name="jiaban" isExecutable="true">
    <endEvent id="sid-94f928ca-46ea-4603-9759-79d5f8b41f74"/>
    <userTask id="sid-df8697e6-2b56-4602-81b4-69b1fc386ab0" name="部门经理" activiti:assignee="${assign1}"/>
    <userTask id="sid-d302ef7b-f17d-4884-9e4d-2958d52cb038" name="总经理" activiti:assignee="${assign2}"/>
    <sequenceFlow id="sid-8953d38c-b518-461f-a4cd-e5be57463de4" sourceRef="sid-d302ef7b-f17d-4884-9e4d-2958d52cb038" targetRef="sid-94f928ca-46ea-4603-9759-79d5f8b41f74"/>
    <sequenceFlow id="sid-70a0fdce-92af-459f-bd08-b333a3b45525" sourceRef="sid-df8697e6-2b56-4602-81b4-69b1fc386ab0" targetRef="sid-d302ef7b-f17d-4884-9e4d-2958d52cb038"/>
    <startEvent id="sid-abf21bf6-26d0-4071-b7ce-b80c0d62a57c"/>
    <sequenceFlow id="sid-a1fc6f42-f98b-4821-8b23-6cdceddcdef2" sourceRef="sid-abf21bf6-26d0-4071-b7ce-b80c0d62a57c" targetRef="sid-df8697e6-2b56-4602-81b4-69b1fc386ab0"/>
  </process>
  <bpmndi:BPMNDiagram id="BPMNDiagram_jiaban">
    <bpmndi:BPMNPlane bpmnElement="jiaban" id="BPMNPlane_jiaban">
      <bpmndi:BPMNShape id="shape-38ad131e-b481-48a6-ae26-6fe90faf94c6" bpmnElement="sid-94f928ca-46ea-4603-9759-79d5f8b41f74">
        <omgdc:Bounds x="-60.0" y="-25.0" width="30.0" height="30.0"/>
      </bpmndi:BPMNShape>
      <bpmndi:BPMNShape id="shape-e8420d1f-a0ec-48b1-9251-7cdfabadc110" bpmnElement="sid-df8697e6-2b56-4602-81b4-69b1fc386ab0">
        <omgdc:Bounds x="-400.0" y="-50.0" width="100.0" height="80.0"/>
      </bpmndi:BPMNShape>
      <bpmndi:BPMNShape id="shape-ec4fc7e1-c986-4c99-92fc-64f1ec82d293" bpmnElement="sid-d302ef7b-f17d-4884-9e4d-2958d52cb038">
        <omgdc:Bounds x="-245.0" y="-50.0" width="100.0" height="80.0"/>
      </bpmndi:BPMNShape>
      <bpmndi:BPMNEdge id="edge-d4b3c1c8-7f1d-44a0-bec9-0648d03b904c" bpmnElement="sid-8953d38c-b518-461f-a4cd-e5be57463de4">
        <omgdi:waypoint x="-145.0" y="-10.0"/>
        <omgdi:waypoint x="-60.0" y="-10.0"/>
      </bpmndi:BPMNEdge>
      <bpmndi:BPMNEdge id="edge-4441ff15-2fe8-4864-bc1d-e3012da76fed" bpmnElement="sid-70a0fdce-92af-459f-bd08-b333a3b45525">
        <omgdi:waypoint x="-300.0" y="-10.0"/>
        <omgdi:waypoint x="-245.0" y="-10.0"/>
      </bpmndi:BPMNEdge>
      <bpmndi:BPMNShape id="shape-462f0349-4342-418a-965f-13f2a1232285" bpmnElement="sid-abf21bf6-26d0-4071-b7ce-b80c0d62a57c">
        <omgdc:Bounds x="-505.0" y="-30.0" width="30.0" height="30.0"/>
      </bpmndi:BPMNShape>
      <bpmndi:BPMNEdge id="edge-de1ed698-3beb-4e63-ab5a-a609e7e46553" bpmnElement="sid-a1fc6f42-f98b-4821-8b23-6cdceddcdef2">
        <omgdi:waypoint x="-475.0" y="-7.5"/>
        <omgdi:waypoint x="-400.0" y="-10.0"/>
      </bpmndi:BPMNEdge>
    </bpmndi:BPMNPlane>
  </bpmndi:BPMNDiagram>
</definitions>
